[
  {
    "lyrics": "\"के यही हो अस्तित्व मेरो?\"",
    "creator": "Albatross"
  },
  {
    "lyrics": "\"ई अनगिन्ति आत्माहरूको भिडमा म हराएँ कहाँ?\"",
    "creator": "Ankit"
  },
  {
    "lyrics": "\"म कहाँ छु?\"",
    "creator": "Ankit"
  },
  {
    "lyrics": "\"तर तिमी, तिमीलाई खै केको चिन्ता छ र?\"",
    "creator": "Ankit"
  },
  {
    "lyrics": "\"म को हुँ, म को हुँ, भन न ...\"",
    "creator": "Ankit"
  },
  {
    "lyrics": "\"तर, चुडाइसकें यी घाँटिका डोरीहरु....\"",
    "creator": "Ankit"
  },
  {
    "lyrics": "\"सबैको आफ्नै-आफ्नै सपना यहाँ साकार हुनेहरू त गए छोडेर\"",
    "creator": "Ankit"
  },
  {
    "lyrics": "\"कालो बादलले ढाकेको यो संसारमा सधैँ आफैलाई नै बिर्सिरहन्छौ तिमी, किन?\"",
    "creator": "Albatross"
  }
]
